First Name,Last Name,Age
Audrey,Rogers,25
Arianna,Perkins,27
Carl,Harrison,19
Sawyer,Perkins,20
David,Wells,27
Freddie,Harris,28
Samantha,Tucker,21
Julian,Tucker,27
Edgar,Grant,20
Chloe,Cameron,20
Madaline,Foster,27
Alisa,Crawford,28
Abigail,Harper,27
Jacob,Spencer,21
Arthur,Lloyd,30
James,Taylor,23
Annabella,Edwards,29
Aiden,Rogers,30
Derek,Morrison,23
David,Hall,28
Alexander,Tucker,27
Leonardo,Douglas,28
Alexia,Clark,23
Stuart,Adams,30
Lana,Wright,24
Victoria,Cameron,24
Spike,Clark,24
Stuart,Kelly,20
Dainton,Thomas,21
Maximilian,Stevens,28
Vincent,Riley,30
Natalie,Sullivan,29
Lily,Howard,25
Myra,Craig,18
Maya,Reed,18
Hailey,Barrett,22
Jack,Wells,29
Maddie,Foster,22
Savana,Hill,18
Edward,Andrews,18
Rubie,Parker,25
Charlie,Reed,28
Mike,Harper,29
Daniel,Kelley,21
Garry,Owens,19
Kate,Clark,29
Haris,Gibson,27
Tara,Montgomery,30
Jordan,Chapman,28
Daryl,Russell,19
Sawyer,Warren,27
Natalie,Phillips,25
Dainton,Fowler,29
Richard,Allen,19
William,Morgan,24
Frederick,Johnston,22
Paul,Craig,25
Aiden,Reed,18
Steven,Fowler,25
Belinda,Richards,29
Adrian,Robinson,28
Kevin,Riley,24
Byron,Smith,28
Ellia,Spencer,23
Elise,Adams,25
Ellia,Barnes,29
Andrew,West,27
Alford,Foster,23
Savana,Murphy,20
Aston,Johnson,27
Adrian,Miller,24
Amy,Bailey,27
Lana,Ellis,25
Myra,Mason,23
Lydia,Miller,18
Ted,Elliott,26
Michelle,Montgomery,21
Abigail,Thompson,27
Steven,Elliott,25
James,Holmes,19
Miller,Wilson,29
Aldus,Phillips,21
Kate,Moore,26
Melissa,Reed,27
Rosie,Wright,23
Adrianna,Dixon,20
Dominik,Cooper,19
Aida,Robinson,18
Aida,Perry,20
Violet,Bennett,26
Sydney,Edwards,29
Camila,Perkins,18
Preston,Bennett,20
Stella,Roberts,26
Isabella,Robinson,23
Miranda,Hill,27
Briony,Stevens,24
William,Roberts,19
Amber,Brooks,20
Audrey,Hamilton,27
